model,model_display,clean,distracted,drop_clean_to_distracted
mistral_instruct,Mistral-7B-Instruct-v0.3,0.682,0.5517142857142857,0.13028571428571434
qwen7b,Qwen2.5-7B-Instruct,0.74,0.638,0.10199999999999998
gemma,Gemma-2-9B-it,0.818,0.73,0.08799999999999997
qwen14b,Qwen2.5-14B-Instruct,0.734,0.6491428571428571,0.08485714285714285
llama,Llama-3.1-8B-Instruct,0.682,0.6282857142857143,0.053714285714285714
